date,actual_inflated,forecast_lag7,forecast_lag30,abs_error_lag7,pct_error_lag7,month,year
2021-01-06,1114251.0499999998,2306869.9130296763,664859.0521612372,1192618.8630296765,107.03322765813652,1,2021
2021-01-07,837846.02,1730616.9161794095,1036318.7644798454,892770.8961794095,106.5554857179377,1,2021
2021-01-08,1023293.14,1290880.5760000004,922259.402378734,267587.43600000034,26.149636457056708,1,2021
2021-01-09,853729.27,378420.41,556311.4829842437,475308.86000000004,55.674424750600394,1,2021
2021-01-10,1180728.66,677894.56,565974.6240927984,502834.09999999986,42.58676163581901,1,2021
2021-01-11,1515387.6000000003,819877.0399999999,896479.776364234,695510.5600000004,45.89654554385956,1,2021
2021-01-12,1062807.64,1174326.91,748417.6012945382,111519.27000000002,10.492893144802764,1,2021
2021-01-13,1070756.5000000002,1114251.0499999998,1278731.7177867568,43494.54999999958,4.062039315194404,1,2021
2021-01-14,764427.2400000001,837846.02,1082760.4724075403,73418.77999999991,9.604417027315758,1,2021
2021-01-15,977003.7799999999,1023293.14,1092615.7745786363,46289.3600000001,4.737889550437574,1,2021
2021-01-16,1185774.61,853729.27,882210.759314838,332045.3400000001,28.00239920805861,1,2021
2021-01-17,1224098.2000000004,1180728.66,999303.1069107786,43369.5400000005,3.5429788231042645,1,2021
2021-01-18,2502006.18,1515387.6000000003,1316451.0927737076,986618.5799999998,39.433099241985076,1,2021
2021-01-19,2011018.3900000004,1062807.64,1419819.1698250368,948210.7500000005,47.15077468784362,1,2021
2021-01-20,1595354.2000000002,1070756.5000000002,1629260.8801330114,524597.7,32.88283567373313,1,2021
2021-01-21,1698207.9099999997,764427.2400000001,1637710.6641275974,933780.6699999996,54.98623958240777,1,2021
2021-01-22,1620041.5000000005,977003.7799999999,1569109.228688642,643037.7200000006,39.69266960136517,1,2021
2021-01-23,1744298.2700000005,1185774.61,976748.3000243597,558523.6600000004,32.019962961953766,1,2021
2021-01-24,1862707.4200000002,1224098.2000000004,958536.0600274528,638609.2199999997,34.28392527689613,1,2021
2021-01-25,2346216.5,2502006.18,878459.2422232962,155789.68000000017,6.640038547167329,1,2021
2021-01-26,2993616.58,2011018.3900000004,1211787.370037699,982598.1899999997,32.8231142413034,1,2021
2021-01-27,2258351.94,1595354.2000000002,2897188.3896955056,662997.7399999998,29.357591624979403,1,2021
2021-01-28,2405871.45,1698207.9099999997,2348492.720319381,707663.5400000005,29.414021268675867,1,2021
2021-01-29,2246568.5300000007,1620041.5000000005,2306869.9130296763,626527.0300000003,27.888177976035305,1,2021
2021-01-30,2161125.415,1744298.2700000005,1730616.9161794095,416827.14499999955,19.287503728699594,1,2021
2021-01-31,1591184.1904999996,1862707.4200000002,1290880.5760000004,271523.2295000006,17.06422368454274,1,2021
2021-02-01,1539347.9515000002,2381885.715696717,384173.4848881572,842537.764196717,54.733419002228544,2,2021
2021-02-02,928867.8070000004,3039128.1325380076,688200.5003427909,2110260.325538007,227.18629170210937,2,2021
2021-02-03,1074100.8885,2292685.3625409123,832341.5209993222,1218584.4740409125,113.45158421223228,2,2021
2021-02-04,1325252.2034999998,2442447.591924083,1192180.0449733709,1117195.3884240831,84.30058712398763,2,2021
2021-02-05,1734202.0140000004,2280722.8109344444,1131190.8597075627,546520.796934444,31.51425223373336,2,2021
2021-02-06,1225345.479,2193980.715683161,850583.6809993222,968635.2366831608,79.04997025603427,2,2021
2021-02-07,1784963.9599999995,1615374.750963687,1038850.1287653724,169589.20903631253,9.500987853912331,2,2021
2021-02-08,1292540.2259999998,1539347.9515000002,866708.4019250509,246807.7255000004,19.094781000649526,2,2021
2021-02-09,1397636.4495,928867.8070000004,1198679.119922533,468768.6424999997,33.54009854763735,2,2021
2021-02-10,1808875.3035,1074100.8885,1538425.8350343765,734774.415,40.6205122917142,2,2021
2021-02-11,1664320.5620000006,1325252.2034999998,1078965.362424712,339068.3585000008,20.372779513854294,2,2021
2021-02-12,1935749.5099999993,1734202.0140000004,1087035.0678803138,201547.49599999888,10.41185829875266,2,2021
2021-02-13,1933851.2819999997,1225345.479,776048.7251050646,708505.8029999996,36.63703665295601,2,2021
2021-02-14,2915454.050499999,1784963.9599999995,991857.0378154352,1130490.0904999995,38.7757814363811,2,2021
2021-02-15,3089007.5355,1292540.2259999998,1203801.782825603,1796467.3095000004,58.156779770018154,2,2021
2021-02-16,1837116.9145,1397636.4495,1242708.0012394697,439480.46499999985,23.92229158260248,2,2021
2021-02-17,2437854.7665000004,1808875.3035,2540043.845368452,628979.4630000005,25.80053051737036,2,2021
2021-02-18,1708746.5959999992,1664320.5620000006,2041591.6336554666,44426.03399999859,2.5999193855891436,2,2021
2021-02-19,2449950.34,1935749.5099999993,1619608.156560473,514200.83000000054,20.988214397847777,2,2021
2021-02-20,2489770.416,1933851.2819999997,1724025.5377592715,555919.1340000005,22.32812834579044,2,2021
2021-02-21,2637915.348499999,2915454.050499999,1644670.7742810114,277538.70200000005,10.52113753983111,2,2021
2021-02-22,3267431.409000001,3089007.5355,1770816.603338821,178423.8735000007,5.460676940563762,2,2021
2021-02-23,4886720.4885,1837116.9145,1891025.9118117557,3049603.574,62.40593422882856,2,2021
2021-02-24,2865486.287499999,2437854.7665000004,2381885.715696717,427631.5209999988,14.92352355219564,2,2021
2021-02-25,5586530.711999999,1708746.5959999992,3039128.1325380076,3877784.1160000004,69.41309939763562,2,2021
2021-02-26,3750282.0465,2449950.34,2292685.3625409123,1300331.7065000003,34.67290434098288,2,2021
2021-02-27,3176495.6165,2489770.416,2442447.591924083,686725.2004999998,21.6189563408453,2,2021
2021-02-28,2302447.6615000004,2637915.348499999,2280722.8109344444,335467.6869999985,14.570046156074087,2,2021
2021-03-01,1899520.6719999996,3258704.96113163,2188121.171612279,1359184.2891316304,71.55406672676794,3,2021
2021-03-02,679248.3699999999,4873669.346409386,1611060.5108809914,4194420.976409386,617.5091706748426,3,2021
2021-03-03,1202803.2200000002,2857833.329082411,1535236.7589549792,1655030.1090824106,137.5977451309459,3,2021
2021-03-04,2188811.6700000004,5571610.5613002665,926387.0459740562,3382798.891300266,154.54956393302973,3,2021
2021-03-05,1350969.1600000004,3740266.0318775284,1071232.2482025945,2389296.871877528,176.85798777801315,3,2021
2021-03-06,1702498.7599999995,3168012.0341590997,1321712.80425372,1465513.2741591001,86.08013753614132,3,2021
2021-03-07,2475099.150000001,2296298.430813049,1729570.4176253343,178800.71918695187,7.223982085200579,3,2021
2021-03-08,2765984.7800000007,1899520.6719999996,1222072.9042754676,866464.1080000012,31.32570049788925,3,2021
2021-03-09,2910840.3700000006,679248.3699999999,1780196.7918504383,2231592.000000001,76.6648704958012,3,2021
2021-03-10,2793536.4299999997,1202803.2200000002,1289088.191821442,1590733.2099999995,56.94334940174737,3,2021
2021-03-11,4291688.170000002,2188811.6700000004,1393903.7310160247,2102876.5000000014,48.99881856980305,3,2021
2021-03-12,4134860.0600000005,1350969.1600000004,1804044.274455933,2783890.9000000004,67.32733054090349,3,2021
2021-03-13,2417371.879999999,1702498.7599999995,1659875.6005600924,714873.1199999994,29.572327117497526,3,2021
2021-03-14,2889680.59,2475099.150000001,1930579.6333994654,414581.439999999,14.346964208940443,3,2021
2021-03-15,3654509.309999999,2765984.7800000007,1928686.475066005,888524.5299999984,24.31310073745574,3,2021
2021-03-16,4008350.1100000003,2910840.3700000006,2907667.64136093,1097509.7399999998,27.380585774230177,3,2021
2021-03-17,4400411.890000002,2793536.4299999997,3080757.610758108,1606875.4600000028,36.516478460837945,3,2021
2021-03-18,5407881.080399997,4291688.170000002,1832210.4595585654,1116192.9103999948,20.640115672022784,3,2021
2021-03-19,3472835.3856,4134860.0600000005,2431343.8991343,662024.6744000004,19.06294427732061,3,2021
2021-03-20,3062575.3784000003,2417371.879999999,1704182.984335749,645203.4984000013,21.06735079732401,3,2021
2021-03-21,2562626.6052000006,2889680.59,2443407.1685463563,327053.9847999993,12.762451780386252,3,2021
2021-03-22,3452331.0712000006,3654509.309999999,2483120.8956215186,202178.23879999854,5.8562818753568475,3,2021
2021-03-23,3715906.207199999,4008350.1100000003,2630870.1720637153,292443.9028000012,7.870056091118695,3,2021
2021-03-24,3523209.8615999967,4400411.890000002,3258704.96113163,877202.0284000058,24.897808046031116,3,2021
2021-03-25,4265964.885599997,5407881.080399997,4873669.346409386,1141916.1947999997,26.76806362505706,3,2021
2021-03-26,3550461.4376000003,3472835.3856,2857833.329082411,77626.05200000014,2.186365163072237,3,2021
2021-03-27,3179241.7976,3062575.3784000003,5571610.5613002665,116666.41919999989,3.669630264928921,3,2021
2021-03-28,3105458.303200002,2562626.6052000006,3740266.0318775284,542831.6980000013,17.479922285243482,3,2021
2021-03-29,3599279.7279999973,3452331.0712000006,3168012.0341590997,146948.65679999674,4.082723986603045,3,2021
2021-03-30,9500396.707999993,3715906.207199999,2296298.430813049,5784490.500799994,60.88683113547302,3,2021
2021-03-31,8113881.978399999,3523209.8615999967,1899520.6719999996,4590672.116800003,56.57799964333782,3,2021
2021-04-01,7943826.739199999,4264332.917395865,678988.5198201988,3679493.821804134,46.31890828694844,4,2021
2021-04-02,6922111.002399998,3549103.1891540927,1202343.0810482018,3373007.813245905,48.72802259421199,4,2021
2021-04-03,6683382.129599999,3178025.561258148,2187974.328121653,3505356.568341851,52.448842522665196,4,2021
2021-04-04,1514088.8048,3104270.293137568,1350452.339357307,1590181.488337568,105.02564204268185,4,2021
2021-04-05,2346047.1408,3597902.803850035,1701847.459785768,1251855.663050035,53.36020923361128,4,2021
2021-04-06,2312208.2016000007,9496762.279267015,2474152.287280031,7184554.077667015,310.72262751665056,4,2021
2021-04-07,3083864.0976,8110777.968461819,2764926.6373909716,5026913.870861819,163.0069844768447,4,2021
2021-04-08,2663628.1936000003,7943826.739199999,2909726.8120925785,5280198.545599999,198.2333179340469,4,2021
2021-04-09,2736934.8776,6922111.002399998,2792467.747356541,4185176.124799998,152.91471342825486,4,2021
2021-04-10,2205074.0888000005,6683382.129599999,4290046.3612127025,4478308.040799998,203.09104639822283,4,2021
2021-04-11,2424696.8856,1514088.8048,4133278.246664116,910608.0808000001,37.55554297149463,4,2021
2021-04-12,2821642.4456,2346047.1408,2416447.1011629673,475595.30480000004,16.85526476048132,4,2021
2021-04-13,2844075.0184,2312208.2016000007,2888575.1268821727,531866.8167999992,18.700871578950583,4,2021
2021-04-14,4711320.639600001,3083864.0976,3653111.2574713067,1627456.5420000013,34.543531771553866,4,2021
2021-04-15,3953869.822000001,2663628.1936000003,4006816.6937375665,1290241.6284000007,32.6323750271412,4,2021
2021-04-16,3508845.998799999,2736934.8776,4398728.488358839,771911.121199999,21.999002562779538,4,2021
2021-04-17,3737572.7976000006,2205074.0888000005,5405812.265908642,1532498.7088000001,41.00251130316606,4,2021
2021-04-18,4448113.809999999,2424696.8856,3471506.833424942,2023416.9243999985,45.48932448290929,4,2021
2021-04-19,3468512.12,2821642.4456,3061403.773435042,646869.6743999999,18.649774082380887,4,2021
2021-04-20,4030055.78,2844075.0184,2561646.2583732214,1185980.7615999999,29.42839569332214,4,2021
2021-04-21,5244905.44,4711320.639600001,3451010.363062586,533584.8003999991,10.173392189888538,4,2021
2021-04-22,4635126.489999999,3953869.822000001,3714484.666952409,681256.6679999982,14.69769313674109,4,2021
2021-04-23,2503702.4100000006,3508845.998799999,3521862.038393569,1005143.5887999982,40.146288344228495,4,2021
2021-04-24,3966260.920000001,3737572.7976000006,4264332.917395865,228688.12240000023,5.76583656528578,4,2021
2021-04-25,4545990.290000001,4448113.809999999,3549103.1891540927,97876.48000000231,2.1530287958446626,4,2021
2021-04-26,4718077.11,3468512.12,3178025.561258148,1249564.9900000002,26.48462415655602,4,2021
2021-04-27,5303542.87,4030055.78,3104270.293137568,1273487.0900000003,24.012007090648826,4,2021
2021-04-28,5606431.489999999,5244905.44,3597902.803850035,361526.0499999989,6.448416441810457,4,2021
2021-04-29,9535515.049999995,4635126.489999999,9496762.279267015,4900388.559999996,51.39091631972201,4,2021
2021-04-30,6962149.329999999,2503702.4100000006,8110777.968461819,4458446.919999998,64.03836959929153,4,2021
2021-05-01,6555221.490000002,3972332.5019670897,7955987.208758669,2582888.9880329124,39.40200940537421,5,2021
2021-05-02,5301495.070000001,4552949.32603521,6932707.4218449285,748545.7439647913,14.1195216458966,5,2021
2021-05-03,3778243.020000001,4725299.577830083,6693613.101095753,947056.5578300818,25.066057233927786,5,2021
2021-05-04,1930133.97,5311661.573207043,1516406.583299503,3381527.6032070434,175.19652292358978,5,2021
2021-05-05,2491751.76,5615013.857378493,2349638.4873607354,3123262.0973784933,125.34403095509377,5,2021
2021-05-06,3090364.980000002,9550112.087964024,2315747.7472587842,6459747.107964022,209.02861473546784,5,2021
2021-05-07,3099539.75,6972807.040417146,3088584.899892538,3873267.290417146,124.96265906630641,5,2021
2021-05-08,2448108.310000001,6555221.490000002,2667705.6956185238,4107113.180000001,167.76680848732545,5,2021
2021-05-09,3801718.869999999,5301495.070000001,2741124.598040261,1499776.200000002,39.44995017477456,5,2021
2021-05-10,3546216.7100000004,3778243.020000001,2208449.6327553014,232026.31000000052,6.542925291218328,5,2021
2021-05-11,3323078.360000001,1930133.97,2428408.6297800234,1392944.3900000008,41.91728990706077,5,2021
2021-05-12,4782841.679999997,2491751.76,2825961.8370207436,2291089.919999997,47.90227386326529,5,2021
2021-05-13,5666923.8,3090364.980000002,2848428.749771451,2576558.819999998,45.46662194399011,5,2021
2021-05-14,5250104.11,3099539.75,4718532.764574514,2150564.3600000003,40.96231836438764,5,2021
2021-05-15,3858160.7599999993,2448108.310000001,3959922.435581326,1410052.4499999983,36.54727051860842,5,2021
2021-05-16,3981359.0600000005,3801718.869999999,3514217.3665746646,179640.19000000134,4.51203187888312,5,2021
2021-05-17,4684806.699999997,3546216.7100000004,3743294.3020739397,1138589.989999997,24.303884085548237,5,2021
2021-05-18,3549112.3099999996,3323078.360000001,4454923.015985457,226033.9499999988,6.3687460485013165,5,2021
2021-05-19,4795038.580000001,4782841.679999997,3473821.7443704563,12196.900000004098,0.25436500241889803,5,2021
2021-05-20,5057797.75,5666923.8,4036225.0196172986,609126.0499999998,12.043305804388874,5,2021
2021-05-21,5434543.619999999,5250104.11,5252934.380589363,184439.50999999885,3.393836224282599,5,2021
2021-05-22,4310539.380000002,3858160.7599999993,4642221.976398776,452378.62000000244,10.49471029307711,5,2021
2021-05-23,3846392.540000001,3981359.0600000005,2507535.096429393,134966.51999999955,3.5089117555328744,5,2021
2021-05-24,3987573.28,4684806.699999997,3972332.5019670897,697233.4199999976,17.485156285328447,5,2021
2021-05-25,3822459.480000001,3549112.3099999996,4552949.32603521,273347.1700000013,7.15108090563726,5,2021
2021-05-26,4915453.169999999,4795038.580000001,4725299.577830083,120414.58999999799,2.4497149262841624,5,2021
2021-05-27,7320510.070000001,5057797.75,5311661.573207043,2262712.320000001,30.909216685224788,5,2021
2021-05-28,6925957.2700000005,5434543.619999999,5615013.857378493,1491413.6500000013,21.533682520106005,5,2021
2021-05-29,4630943.520000002,4310539.380000002,9550112.087964024,320404.1400000006,6.918765876030387,5,2021
2021-05-30,8887935.600000001,3846392.540000001,6972807.040417146,5041543.0600000005,56.72344273061564,5,2021
2021-05-31,7996369.899999998,3987573.28,6555221.490000002,4008796.619999998,50.13270609204808,5,2021
2021-06-01,7479521.040000001,3829032.2991287736,5310611.129539549,3650488.7408712273,48.806450591537164,6,2021
2021-06-02,6960798.209999996,4923905.420387846,3784739.8077684375,2036892.7896121498,29.26234503804343,6,2021
2021-06-03,6367799.030000001,7333097.878679786,1933452.8858826899,965298.8486797847,15.159065858266956,6,2021
2021-06-04,2524112.16,6937866.634812761,2496036.3923729453,4413754.474812761,174.8636429378305,6,2021
2021-06-05,2884765.01,4638906.548597632,3095678.9434734443,1754141.5385976322,60.807085933062965,6,2021
2021-06-06,3795966.840000002,8903218.637905998,3104869.489730607,5107251.797905996,134.54416261196826,6,2021
2021-06-07,3757477.9899999993,8010119.867348105,2452317.896318304,4252641.877348105,113.17809149290869,6,2021
2021-06-08,3948452.32,7479521.040000001,3808256.025106991,3531068.720000001,89.42918474953248,6,2021
2021-06-09,3733884.7599999993,6960798.209999996,3552314.5224551014,3226913.449999997,86.42241679681612,6,2021
2021-06-10,3994102.54,6367799.030000001,3328792.4802216277,2373696.490000001,59.43003381180097,6,2021
2021-06-11,3221511.31,2524112.16,4791065.901459683,697399.1499999999,21.64819809370776,6,2021
2021-06-12,3618435.07,2884765.01,5676668.223805884,733670.06,20.27589402067121,6,2021
2021-06-13,3349171.43,3795966.840000002,5259131.80143867,446795.410000002,13.340475975575906,6,2021
2021-06-14,4007931.920000002,3757477.9899999993,3864794.9684142135,250453.9300000025,6.248956693855279,6,2021
2021-06-15,4162142.9499999993,3948452.32,3988205.111115781,213690.62999999942,5.134149224740094,6,2021
2021-06-16,4740156.23,3733884.7599999993,4692862.347745507,1006271.4700000011,21.228656212455704,6,2021
2021-06-17,5807751.429999999,3994102.54,3555215.1015150924,1813648.8899999987,31.22807358165463,6,2021
2021-06-18,4316861.1400000015,3221511.31,4803283.774348491,1095349.8300000015,25.373756404867848,6,2021
2021-06-19,3596996.2100000004,3618435.07,5066494.765619028,21438.859999999404,0.5960212007006647,6,2021
2021-06-20,3113780.6199999982,3349171.43,5443888.460003819,235390.81000000192,7.55964657522989,6,2021
2021-06-21,3454322.4500000007,4007931.920000002,4317951.465292321,553609.4700000011,16.026571867950572,6,2021
2021-06-22,3814525.8100000015,4162142.9499999993,3853006.512651892,347617.1399999978,9.112984347587824,6,2021
2021-06-23,4899682.2242,4740156.23,3994430.0166297276,159525.9941999996,3.255843683332879,6,2021
2021-06-24,4710523.609400001,5807751.429999999,3829032.2991287736,1097227.8205999974,23.293117954242796,6,2021
2021-06-25,2942690.529,4316861.1400000015,4923905.420387846,1374170.6110000014,46.69776170676632,6,2021
2021-06-26,2829503.1804000014,3596996.2100000004,7333097.878679786,767493.0295999991,27.124656897947013,6,2021
2021-06-27,3229336.144200001,3113780.6199999982,6937866.634812761,115555.52420000266,3.5783058511126002,6,2021
2021-06-28,3489546.0472,3454322.4500000007,4638906.548597632,35223.59719999926,1.009403421635962,6,2021
2021-06-29,4843871.208200003,3814525.8100000015,8903218.637905998,1029345.3982000016,21.250470005425875,6,2021
2021-06-30,4177830.947799999,4899682.2242,8010119.867348105,721851.2764000013,17.278135123684706,6,2021
2021-07-01,4080211.0630000033,4740621.3665838465,7527311.227839024,660410.3035838432,16.18568974464453,7,2021
2021-07-02,3606318.737599999,2961492.7667878126,7005274.033008769,644825.9708121866,17.88044867163676,7,2021
2021-07-03,2568660.971599999,2847582.2108297935,6408485.901543964,278921.2392297946,10.85862409689889,7,2021
2021-07-04,599092.943,3249969.896027332,2540239.9031546824,2650876.953027332,442.48175245611804,7,2021
2021-07-05,1540630.6369999996,3511842.4028325,2903197.1343248137,1971211.7658325005,127.94836857658187,7,2021
2021-07-06,1325295.6112000002,4874820.986089513,3820221.0626091952,3549525.3748895125,267.82895415126023,7,2021
2021-07-07,1428037.872,4204525.08031026,3781486.2891922556,2776487.20831026,194.42672093995137,7,2021
2021-07-08,2101782.4916,4080211.0630000033,3973680.8442647336,1978428.5714000035,94.13098545196786,7,2021
2021-07-09,2202366.553400001,3606318.737599999,3757742.310917413,1403952.1841999982,63.747434868759,7,2021
2021-07-10,2069769.216,2568660.971599999,4019622.745052451,498891.75559999887,24.103738317460746,7,2021
2021-07-11,2126024.537,599092.943,3242095.0652708374,1526931.594,71.8209770125527,7,2021
2021-07-12,2561576.270000001,1540630.6369999996,3641554.958393095,1020945.6330000013,39.85614814428309,7,2021
2021-07-13,2173612.0726,1325295.6112000002,3370570.8659917987,848316.4613999999,39.02796051299406,7,2021
2021-07-14,2436083.5028000013,1428037.872,4033540.4874842665,1008045.6308000013,41.37976508774709,7,2021
2021-07-15,2975191.9452,2101782.4916,4188736.8444926557,873409.4536000001,29.356406903732974,7,2021
2021-07-16,2270181.4308,2202366.553400001,4770443.32397387,67814.87739999918,2.987200779635554,7,2021
2021-07-17,2011560.2367999998,2069769.216,5844859.893266259,58208.979200000176,2.8937228990268427,7,2021
2021-07-18,2318733.2454000004,2126024.537,4344443.601985506,192708.70840000035,8.310947746244805,7,2021
2021-07-19,2510965.6463999995,2561576.270000001,3619979.115404349,50610.62360000145,2.0155840711147315,7,2021
2021-07-20,3112600.5692000003,2173612.0726,3133676.0330783883,938988.4966000002,30.16733036328329,7,2021
2021-07-21,3207926.9220000007,2436083.5028000013,3476393.745455846,771843.4191999994,24.060505054111054,7,2021
2021-07-22,4250237.293399999,2975191.9452,3838898.614622355,1275045.348199999,29.999392038180062,7,2021
2021-07-23,4385215.41,2270181.4308,4930988.60499548,2115033.9792,48.231016756369556,7,2021
2021-07-24,2294305.45,2011560.2367999998,4740621.3665838465,282745.21320000035,12.323782485021788,7,2021
2021-07-25,2549303.61,2318733.2454000004,2961492.7667878126,230570.3645999995,9.04444506709813,7,2021
2021-07-26,3676952.360000001,2510965.6463999995,2847582.2108297935,1165986.7136000013,31.710683181111467,7,2021
2021-07-27,3460197.23,3112600.5692000003,3249969.896027332,347596.6607999997,10.045573639165063,7,2021
2021-07-28,4046860.2700000014,3207926.9220000007,3511842.4028325,838933.3480000007,20.730474788545155,7,2021
2021-07-29,5547857.68,4250237.293399999,4874820.986089513,1297620.3866000008,23.38957596691631,7,2021
2021-07-30,6548042.770000002,4385215.41,4204525.08031026,2162827.360000002,33.030134896324164,7,2021
2021-07-31,5256382.469999998,2294305.45,4080211.0630000033,2962077.0199999977,56.35200704868036,7,2021
2021-08-01,3652376.75,2555584.467941818,3615203.8211949584,1096792.2820581822,30.029549444979413,8,2021
2021-08-02,4399616.650000002,3686011.46749171,2574989.521326295,713605.1825082921,16.21971274493408,8,2021
2021-08-03,2422462.490000002,3468722.3060902115,600568.960863925,1046259.8160902094,43.18992844715662,8,2021
2021-08-04,1157658.1,4056830.739726146,1544426.372483938,2899172.639726146,250.43427240962993,8,2021
2021-08-05,1482037.5199999998,5561526.238673364,1328560.814070388,4079488.7186733643,275.26217545918576,8,2021
2021-08-06,1591502.8000000005,6564175.539072305,1431556.206565716,4972672.739072304,312.451397451032,8,2021
2021-08-07,1632328.25,5269332.905347293,2106960.7674250356,3637004.6553472932,222.81086266486497,8,2021
2021-08-08,1411882.2200000007,3652376.75,2207792.64364812,2240494.5299999993,158.68848677760093,8,2021
2021-08-09,1376421.7600000002,4399616.650000002,2074868.6189769737,3023194.890000002,219.64160825240086,8,2021
2021-08-10,1581357.61,2422462.490000002,2131262.5392706343,841104.880000002,53.188783781803906,8,2021
2021-08-11,1740229.21,1157658.1,2567887.3647616804,582571.1099999999,33.47668839554761,8,2021
2021-08-12,2480973.68,1482037.5199999998,2178967.318870028,998936.1600000004,40.263875753812925,8,2021
2021-08-13,2199306.5700000003,1591502.8000000005,2442085.4142065025,607803.7699999998,27.636154881308777,8,2021
2021-08-14,1494099.7100000002,1632328.25,2982522.087394182,138228.5399999998,9.251627523574031,8,2021
2021-08-15,1862118.6200000003,1411882.2200000007,2275774.600249522,450236.3999999997,24.178717465378206,8,2021
2021-08-16,2220064.6699999995,1376421.7600000002,2016516.2271493603,843642.9099999992,38.00082589486006,8,2021
2021-08-17,2263302.3700000006,1581357.61,2324446.0345955277,681944.7600000005,30.130519414425404,8,2021
2021-08-18,1875383.969999999,1740229.21,2517152.0490159765,135154.75999999908,7.206778033833741,8,2021
2021-08-19,2535597.1300000013,2480973.68,3120269.252493775,54623.45000000112,2.1542637571924166,8,2021
2021-08-20,2553183.49,2199306.5700000003,3215830.4660132676,353876.9199999999,13.860222791899687,8,2021
2021-08-21,1453356.23,1494099.7100000002,4260708.834158874,40743.480000000214,2.803406292206847,8,2021
2021-08-22,1640268.0700000003,1862118.6200000003,4396019.503685209,221850.55000000005,13.52526175797594,8,2021
2021-08-23,1883869.7099999995,2220064.6699999995,2299958.055107553,336194.95999999996,17.84597725710023,8,2021
2021-08-24,1836322.27,2263302.3700000006,2555584.467941818,426980.10000000056,23.251915362329107,8,2021
2021-08-25,1939866.5399999996,1875383.969999999,3686011.46749171,64482.57000000053,3.324072490059061,8,2021
2021-08-26,1886569.08,2535597.1300000013,3468722.3060902115,649028.0500000012,34.40255948645152,8,2021
2021-08-27,1662732.7699999993,2553183.49,4056830.739726146,890450.7200000009,53.553447437016665,8,2021
2021-08-28,1664938.51,1453356.23,5561526.238673364,211582.28000000003,12.708113766916235,8,2021
2021-08-29,4443078.33,1640268.0700000003,6564175.539072305,2802810.26,63.08262091791661,8,2021
2021-08-30,3966895.799999995,1883869.7099999995,5269332.905347293,2083026.0899999957,52.51022953514428,8,2021
2021-08-31,3876529.753,1836322.27,3652376.75,2040207.483,52.62973878689073,8,2021
2021-09-01,3472905.472,1927947.5188165226,4372584.314027793,1544957.9531834775,44.48603527045488,9,2021
2021-09-02,3780803.553999999,1874977.5316305887,2407578.2795973173,1905826.0223694104,50.407962094541844,9,2021
2021-09-03,963876.0779999997,1652516.5274392655,1150545.1614897437,688640.4494392658,71.44491549869815,9,2021
2021-09-04,1655768.5470000003,1654708.7148255976,1472931.5138746568,1059.8321744026616,0.0640084736675857,9,2021
2021-09-05,1514601.3329999999,4415778.954685697,1581724.2120427263,2901177.6216856977,191.54727772088248,9,2021
2021-09-06,1887691.122,3942522.208261645,1622298.8203516398,2054831.086261645,108.85420089726125,9,2021
2021-09-07,2019719.141999999,3852711.3926686826,1403207.2654390777,1832992.2506686836,90.75480905001416,9,2021
2021-09-08,3345278.067,3472905.472,1367964.683300879,127627.40500000026,3.815150861717597,9,2021
2021-09-09,1968367.4639999997,3780803.553999999,1571641.3566064844,1812436.0899999994,92.07813699159985,9,2021
2021-09-10,1782771.407999999,963876.0779999997,1729536.8100898003,818895.3299999991,45.93383797413917,9,2021
2021-09-11,1392745.9319999996,1655768.5470000003,2465729.9623329234,263022.6150000007,18.885182785800502,9,2021
2021-09-12,1892316.5909999995,1514601.3329999999,2185793.48492107,377715.2579999997,19.960468549313678,9,2021
2021-09-13,2239651.854,1887691.122,1484919.590787409,351960.73199999984,15.714975136488329,9,2021
2021-09-14,2443506.012,2019719.141999999,1850677.3013214858,423786.87000000104,17.343393792312924,9,2021
2021-09-15,2948079.122999998,3345278.067,2206424.04200586,397198.944000002,13.473143949942834,9,2021
2021-09-16,1667880.2339999997,1968367.4639999997,2249396.078852444,300487.23,18.016115538425407,9,2021
2021-09-17,1828710.1799999995,1782771.407999999,1863861.1457207664,45938.77200000058,2.51208597745109,9,2021
2021-09-18,1719672.9569999997,1392745.9319999996,2520017.792307402,326927.02500000014,19.010999950265557,9,2021
2021-09-19,1757194.056,1892316.5909999995,2537496.097349466,135122.53499999945,7.689676307441336,9,2021
2021-09-20,2076434.4509999994,2239651.854,1444426.448834483,163217.4030000004,7.860464987054891,9,2021
2021-09-21,2889895.8059999994,2443506.012,1630189.8561281785,446389.7939999993,15.446570532861607,9,2021
2021-09-22,2267026.1459999993,2948079.122999998,1872294.7472294162,681052.9769999986,30.041690441094666,9,2021
2021-09-23,1998662.8679999998,1667880.2339999997,1825039.4504943753,330782.6340000001,16.550196598739237,9,2021
2021-09-24,1808071.3979999996,1828710.1799999995,1927947.5188165226,20638.78199999989,1.1414804759828348,9,2021
2021-09-25,2053770.5879999995,1719672.9569999997,1874977.5316305887,334097.6309999998,16.267524374538365,9,2021
2021-09-26,1441868.0129999998,1757194.056,1652516.5274392655,315326.0430000003,21.869272371464998,9,2021
2021-09-27,2752815.7259999993,2076434.4509999994,1654708.7148255976,676381.2749999999,24.570524957833666,9,2021
2021-09-28,4274219.528999999,2889895.8059999994,4415778.954685697,1384323.7229999998,32.387754386679276,9,2021
2021-09-29,2865828.3659999995,2267026.1459999993,3942522.208261645,598802.2200000002,20.89455974070711,9,2021
2021-09-30,3180354.385999999,1998662.8679999998,3852711.3926686826,1181691.5179999992,37.15596988819345,9,2021
2021-10-01,2250399.4729999998,1804460.0703075896,3465968.9098055926,445939.40269241016,19.816010803536578,10,2021
2021-10-02,2369532.3369999994,2049668.5162529955,3773252.0156098525,319863.8207470039,13.499027455855478,10,2021
2021-10-03,920334.1499999999,1438988.1168355523,961950.8927576562,518653.96683555236,56.35496268779686,10,2021
2021-10-04,1043382.8299999997,2747317.4256151794,1652461.4194094543,1703934.5956151797,163.30866740592043,10,2021
2021-10-05,1440909.1999999997,4265682.472683755,1511576.1638928095,2824773.272683755,196.0410324733686,10,2021
2021-10-06,1793088.3099999998,2860104.3413009313,1883920.7668961384,1067016.0313009315,59.507165673336615,10,2021
2021-10-07,1826196.6899999997,3174002.1468801587,2015685.0824620496,1347805.456880159,73.80395902919742,10,2021
2021-10-08,1613264.9399999997,2250399.4729999998,3338596.4197290274,637134.533,39.49348412666801,10,2021
2021-10-09,1794510.68,2369532.3369999994,1964435.971062583,575021.6569999994,32.04336777756037,10,2021
2021-10-10,1883117.9799999995,920334.1499999999,1779210.6129107845,962783.8299999996,51.12711153658041,10,2021
2021-10-11,2300450.2899999996,1043382.8299999997,1389964.14917976,1257067.46,54.64440876920666,10,2021
2021-10-12,1567144.4399999995,1440909.1999999997,1888536.9972762978,126235.23999999976,8.055112009968896,10,2021
2021-10-13,1918678.2700000005,1793088.3099999998,2235178.5147443404,125589.96000000066,6.545649782128435,10,2021
2021-10-14,2148334.6699999995,1826196.6899999997,2438625.5073155793,322137.97999999975,14.99477639580242,10,2021
2021-10-15,1900056.4099999992,1613264.9399999997,2942190.815830224,286791.4699999995,15.093839766578279,10,2021
2021-10-16,2106301.79,1794510.68,1664548.9152902793,311791.1100000001,14.802774772365366,10,2021
2021-10-17,2495144.249999999,1883117.9799999995,1825057.6297070566,612026.2699999996,24.528692880181165,10,2021
2021-10-18,2029589.4400000002,2300450.2899999996,1716238.1907743006,270860.8499999994,13.345598112690189,10,2021
2021-10-19,1794195.2199999993,1567144.4399999995,1753684.3474993343,227050.7799999998,12.654742219188384,10,2021
2021-10-20,2748359.419999999,1918678.2700000005,2072287.111883488,829681.1499999985,30.188233167843777,10,2021
2021-10-21,1715238.6,2148334.6699999995,2884123.7105153124,433096.06999999937,25.249902258496242,10,2021
2021-10-22,2513749.8699999996,1900056.4099999992,2262498.131061251,613693.4600000004,24.413465608652643,10,2021
2021-10-23,1853822.0199999996,2106301.79,1994670.8649347536,252479.77000000048,13.61941800648158,10,2021
2021-10-24,2201542.0600000005,2495144.249999999,1804460.0703075896,293602.18999999855,13.336206258989142,10,2021
2021-10-25,2021989.3199999998,2029589.4400000002,2049668.5162529955,7600.120000000345,0.37587339976654005,10,2021
2021-10-26,2162674.0799999996,1794195.2199999993,1438988.1168355523,368478.86000000034,17.038113297219542,10,2021
2021-10-27,2151921.73,2748359.419999999,2747317.4256151794,596437.689999999,27.716514113178224,10,2021
2021-10-28,2489853.4499999997,1715238.6,4265682.472683755,774614.8499999996,31.110861163334725,10,2021
2021-10-29,3746325.9500000016,2513749.8699999996,2860104.3413009313,1232576.080000002,32.90093004320677,10,2021
2021-10-30,3434826.6299999976,1853822.0199999996,3174002.1468801587,1581004.609999998,46.02865822080805,10,2021
2021-10-31,3026687.1099999994,2201542.0600000005,2250399.4729999998,825145.0499999989,27.26231751124083,10,2021
2021-11-01,2926691.0900000003,2028541.0818297914,2377210.2269702656,898150.0081702089,30.688240765792905,11,2021
2021-11-02,3072730.669999998,2169681.696384256,923316.2677070427,903048.9736157423,29.389135287139982,11,2021
2021-11-03,1262904.960000001,2158894.506024016,1046763.656857905,895989.5460240152,70.94671209653136,11,2021
2021-11-04,1344901.2800000003,2497921.211107405,1445578.1138282663,1153019.9311074046,85.73268151751662,11,2021
2021-11-05,1257605.18,3758465.002920997,1798898.374094158,2500859.8229209967,198.85889965251232,11,2021
2021-11-06,2093872.9,3445956.3455646597,1832114.033701515,1352083.4455646598,64.57332943010341,11,2021
2021-11-07,942802.49,3036494.349277613,1618492.3304469644,2093691.8592776132,222.07109988409272,11,2021
2021-11-08,2064680.4300000002,2926691.0900000003,1800325.3529362432,862010.6600000001,41.75031871639332,11,2021
2021-11-09,2462296.6699999995,3072730.669999998,1889219.7632192888,610433.9999999986,24.791244996485283,11,2021
2021-11-10,1774844.2300000002,1262904.960000001,2307904.336493853,511939.2699999993,28.844180314347884,11,2021
2021-11-11,1412638.65,1344901.2800000003,1572222.3882474026,67737.36999999965,4.7950953345358105,11,2021
2021-11-12,1777590.3299999998,1257605.18,1924895.2776412852,519985.1499999999,29.252249026354683,11,2021
2021-11-13,1291079.9699999995,2093872.9,2155295.8230334506,802792.9300000004,62.17995388775187,11,2021
2021-11-14,1228705.0100000002,942802.49,1906213.0780587052,285902.52000000025,23.268605375020012,11,2021
2021-11-15,1206377.91,2064680.4300000002,2113126.745766702,858302.5200000003,71.14706866607001,11,2021
2021-11-16,2106714.51,2462296.6699999995,2503229.1546507184,355582.1599999997,16.87851668140833,11,2021
2021-11-17,1531889.0900000003,1774844.2300000002,2036165.8281597258,242955.1399999999,15.859838782453881,11,2021
2021-11-18,1639249.002,1412638.65,1800008.8707652716,226610.3520000002,13.82403476979516,11,2021
2021-11-19,1198722.0779999995,1777590.3299999998,2757264.8064747923,578868.2520000003,48.290447187375534,11,2021
2021-11-20,949193.2199999999,1291079.9699999995,1720796.4111502909,341886.74999999965,36.018667516398786,11,2021
2021-11-21,1007012.7960000001,1228705.0100000002,2521895.06161155,221692.21400000015,22.014835847229904,11,2021
2021-11-22,1246638.0480000002,1206377.91,1859828.8768264554,40260.13800000027,3.2294969710406485,11,2021
2021-11-23,1290535.032,2106714.51,2208675.618566664,816179.4779999999,63.24349651594735,11,2021
2021-11-24,1332215.88,1531889.0900000003,2028541.0818297914,199673.21000000043,14.98805208657327,11,2021
2021-11-25,1022402.688,1639249.002,2169681.696384256,616846.3140000001,60.33300980523245,11,2021
2021-11-26,776604.96,1198722.0779999995,2158894.506024016,422117.11799999955,54.354161992475504,11,2021
2021-11-27,1125824.056,949193.2199999999,2497921.211107405,176630.83600000024,15.68902663419374,11,2021
2021-11-28,1887716.336,1007012.7960000001,3758465.002920997,880703.5399999998,46.65444289506852,11,2021
2021-11-29,1464685.5920000002,1246638.0480000002,3445956.3455646597,218047.544,14.886986339659439,11,2021
2021-11-30,2390360.256,1290535.032,3036494.349277613,1099825.2240000002,46.01085636524239,11,2021
2021-12-01,1505270.504,1329811.386628669,2921408.7559342645,175459.11737133097,11.656318044170682,12,2021
2021-12-02,1529176.7919999994,1020557.3710937588,3067184.7516253428,508619.4209062406,33.26099529937417,12,2021
2021-12-03,469398.536,775203.2791564547,1260625.5647078948,305804.7431564547,65.14820982663966,12,2021
2021-12-04,655511.7040000001,1123792.0756576424,1342473.8909698871,468280.3716576423,71.43737767001673,12,2021
2021-12-05,881414.456,1884309.229475444,1255335.3501890376,1002894.773475444,113.78242853274057,12,2021
2021-12-06,934309.9999999998,1462042.006339508,2090093.7050631708,527732.0063395083,56.48360890277407,12,2021
2021-12-07,566965.224,2386045.936168709,941100.8421126626,1819080.712168709,320.845200934001,12,2021
2021-12-08,735412.1120000001,1505270.504,2060953.924046737,769858.3919999999,104.68394243689039,12,2021
2021-12-09,799226.2240000002,1529176.7919999994,2457852.5133808297,729950.5679999993,91.33215929110943,12,2021
2021-12-10,971993.072,469398.536,1771640.844384915,502594.536,51.70762533994687,12,2021
2021-12-11,759196.2479999999,655511.7040000001,1410089.0029638072,103684.54399999976,13.657146524781005,12,2021
2021-12-12,1028051.3200000004,881414.456,1774381.98799658,146636.8640000004,14.263574312613144,12,2021
2021-12-13,890334.8960000001,934309.9999999998,1288749.7221202618,43975.1039999997,4.93916437483988,12,2021
2021-12-14,1457488.544,566965.224,1226487.3416053958,890523.32,61.099850401294134,12,2021
2021-12-15,1419126.8079999995,735412.1120000001,1204200.539401539,683714.6959999994,48.178548396500986,12,2021
2021-12-16,1417587.7039999997,799226.2240000002,2102912.1374636646,618361.4799999995,43.620685919832134,12,2021
2021-12-17,1170884.656,971993.072,1529124.2099097562,198891.58399999992,16.986436962924888,12,2021
2021-12-18,971640.3759999999,759196.2479999999,1636290.349863779,212444.12800000003,21.864481267707227,12,2021
2021-12-19,1237148.472,1028051.3200000004,1196558.5252801361,209097.15199999965,16.901540658411747,12,2021
2021-12-20,1341402.7119999994,890334.8960000001,947480.0375947562,451067.8159999993,33.626577012615996,12,2021
2021-12-21,1613790.28,1457488.544,1005195.2560433173,156301.73600000003,9.685380928183557,12,2021
2021-12-22,1862190.856,1419126.8079999995,1244388.0125756627,443064.0480000004,23.792622897510373,12,2021
2021-12-23,1932731.343999999,1417587.7039999997,1288205.7676694214,515143.63999999943,26.65365994085103,12,2021
2021-12-24,1159048.2000000004,1170884.656,1329811.386628669,11836.45599999954,1.0212220682452666,12,2021
2021-12-25,896789.36,971640.3759999999,1020557.3710937588,74851.01599999995,8.346554869919503,12,2021
2021-12-26,1053774.7680000002,1237148.472,775203.2791564547,183373.7039999999,17.401603223811474,12,2021
2021-12-27,820030.008,1341402.7119999994,1123792.0756576424,521372.7039999993,63.579710365916185,12,2021
2021-12-28,1484051.3520000002,1613790.28,1884309.229475444,129738.92799999984,8.742212850327286,12,2021
2021-12-29,3252147.919999999,1862190.856,1462042.006339508,1389957.063999999,42.739663083959584,12,2021
2021-12-30,3074069.199999999,1932731.343999999,2386045.936168709,1141337.8559999997,37.12791683414284,12,2021
2021-12-31,2459621.566,1159048.2000000004,1505270.504,1300573.3659999997,52.876970342843364,12,2021
2022-01-01,2374365.3540000003,898496.2297373429,1532087.2921751041,1475869.1242626575,62.1584678102011,1,2022
2022-01-02,1987614.724,1055780.4299109252,470291.94775485346,931834.2940890747,46.882038195701895,1,2022
2022-01-03,545563.72,821590.7807598021,656759.3471366579,276027.0607598021,50.594834414539534,1,2022
2022-01-04,1242319.38,1486875.9643943664,883092.062501713,244556.58439436648,19.685484130044443,1,2022
2022-01-05,809977.5999999997,3258337.7713894164,936088.28321279,2448360.171389417,302.2750470370313,1,2022
2022-01-06,993048.6199999999,3079920.1120669954,568044.3355797488,2086871.4920669955,210.14796758561488,1,2022
2022-01-07,1294963.6399999994,2464302.992657785,736811.8305230301,1169339.3526577854,90.2990104538986,1,2022
2022-01-08,1641747.0500000005,2374365.3540000003,800747.4006730112,732618.3039999998,44.624310669539476,1,2022
2022-01-09,1706485.37,1987614.724,973843.0778469738,281129.3539999998,16.47417311289342,1,2022
2022-01-10,2569113.21,545563.72,760641.2351488388,2023549.49,78.76451228865855,1,2022
2022-01-11,1640806.3500000008,1242319.38,1030008.0221697758,398486.9700000009,24.2860450899645,1,2022
2022-01-12,1775526.5000000005,809977.5999999997,892029.4808800914,965548.9000000007,54.3809906526318,1,2022
2022-01-13,1173172.99,993048.6199999999,1460262.5990894556,180124.3700000001,15.353606973171118,1,2022
2022-01-14,1548726.8199999998,1294963.6399999994,1421827.8487460976,253763.1800000004,16.385277036785638,1,2022
2022-01-15,1461990.71,1641747.0500000005,1420285.8153513512,179756.34000000055,12.295313422340458,1,2022
2022-01-16,2064339.13,1706485.37,1173113.2145382566,357853.7599999998,17.33502769963963,1,2022
2022-01-17,1621773.2000000004,2569113.21,973489.7105565282,947340.0099999995,58.41384048028413,1,2022
2022-01-18,1861205.18,1640806.3500000008,1239503.1512386755,220398.82999999914,11.841726660141745,1,2022
2022-01-19,2020862.5300000005,1775526.5000000005,1343955.8195599539,245336.03000000003,12.140164229775689,1,2022
2022-01-20,1249233.5599999998,1173172.99,1616861.8260220785,76060.56999999983,6.088578824283254,1,2022
2022-01-21,1580948.85,1548726.8199999998,1865735.1857601826,32222.03000000026,2.0381450038690536,1,2022
2022-01-22,1758593.8000000003,1461990.71,1936409.9343007223,296603.0900000003,16.865923785242522,1,2022
2022-01-23,1785338.1700000004,2064339.13,1161254.2300723263,279000.9599999995,15.627345266471249,1,2022
2022-01-24,1915906.28,1621773.2000000004,898496.2297373429,294133.0799999996,15.352164303151595,1,2022
2022-01-25,2471179.3000000003,1861205.18,1055780.4299109252,609974.1200000003,24.68352336878187,1,2022
2022-01-26,2278973.8200000003,2020862.5300000005,821590.7807598021,258111.2899999998,11.325768103821385,1,2022
2022-01-27,1604489.99,1249233.5599999998,1486875.9643943664,355256.43000000017,22.141392730035054,1,2022
2022-01-28,2792317.4799999995,1580948.85,3258337.7713894164,1211368.6299999994,43.38219556610016,1,2022
2022-01-29,3897632.5,1758593.8000000003,3079920.1120669954,2139038.6999999997,54.880461408303624,1,2022
2022-01-30,3903300.549999999,1785338.1700000004,2464302.992657785,2117962.3799999985,54.260807049562175,1,2022
2022-01-31,3159829.55,1915906.28,2374365.3540000003,1243923.2699999998,39.36678388237745,1,2022
2022-02-01,3672475.879999999,2495825.370146277,2007438.0091462764,1176650.509853722,32.03970695251299,2,2022
2022-02-02,3072419.17,2301702.9471941493,551004.8475265957,770716.2228058507,25.084995899366515,2,2022
2022-02-03,1056919.3,1620492.217293883,1254709.5333909572,563572.9172938829,53.32222784595597,2,2022
2022-02-04,1135262.3500000003,2820166.3910372336,818055.8340425529,1684904.0410372333,148.4153897147415,2,2022
2022-02-05,1325806.7699999998,3936505.16456117,1002952.6953324466,2610698.3945611706,196.9139435425549,2,2022
2022-02-06,1360544.3200000003,3942229.7443151586,1307878.835877659,2581685.4243151583,189.75386441767347,2,2022
2022-02-07,1777072.87,3191343.8074800526,1658120.8570146281,1414270.9374800525,79.58429625230013,2,2022
2022-02-08,2324022.3200000008,3672475.879999999,1723504.8384507978,1348453.5599999982,58.02240143717715,2,2022
2022-02-09,2087968.1299999994,3072419.17,2594736.0146210105,984451.0400000005,47.14875796499829,2,2022
2022-02-10,1681958.0900000005,1056919.3,1657170.7750332453,625038.7900000005,37.161377189844266,2,2022
2022-02-11,1868277.55,1135262.3500000003,1793234.5435505323,733015.1999999997,39.23481283602641,2,2022
2022-02-12,2483675.4800000014,1325806.7699999998,1184873.5184906914,1157868.7100000016,46.61916258077327,2,2022
2022-02-13,2471088.8200000003,1360544.3200000003,1564172.8986569147,1110544.5,44.941504773592065,2,2022
2022-02-14,2477651.0800000005,1777072.87,1476571.7343683508,700578.2100000004,28.27590275544369,2,2022
2022-02-15,2911470.4900000007,2324022.3200000008,2084927.6186635636,587448.1699999999,20.177026420762374,2,2022
2022-02-16,3189077.7300000004,2087968.1299999994,1637947.7997340427,1101109.600000001,34.527524670902295,2,2022
2022-02-17,2365001.9800000004,1681958.0900000005,1879767.731662234,683043.8899999999,28.881324234662998,2,2022
2022-02-18,2218074.92,1868277.55,2041017.4089561175,349797.3699999999,15.770313565422752,2,2022
2022-02-19,2497284.24,2483675.4800000014,1261692.6713031912,13608.759999998845,0.5449423730795996,2,2022
2022-02-20,3274514.000000001,2471088.8200000003,1596716.291988032,803425.1800000006,24.535707588973523,2,2022
2022-02-21,3231879.4900000007,2477651.0800000005,1776132.966888298,754228.4100000001,23.33714522257759,2,2022
2022-02-22,3646117.6400000006,2911470.4900000007,1803144.069301862,734647.1499999999,20.14875060366949,2,2022
2022-02-23,3297595.3400000003,3189077.7300000004,1935014.3878457446,108517.60999999987,3.2908103879113275,2,2022
2022-02-24,2768850.97,2365001.9800000004,2495825.370146277,403848.98999999976,14.585436138514876,2,2022
2022-02-25,2943786.980000001,2218074.92,2301702.9471941493,725712.060000001,24.652329293201806,2,2022
2022-02-26,6304749.98,2497284.24,1620492.217293883,3807465.74,60.390431850241264,2,2022
2022-02-27,5652340.749999998,3274514.000000001,2820166.3910372336,2377826.749999997,42.06800076587736,2,2022
2022-02-28,6007208.860000003,3231879.4900000007,3936505.16456117,2775329.3700000024,46.199981300467066,2,2022
2022-03-01,4532724.329999999,3671835.5768945743,3970036.31168313,860888.7531054248,18.992744548959255,3,2022
2022-03-02,5221766.089999998,3320854.970442961,3213853.9913943764,1900911.119557037,36.40360534719083,3,2022
2022-03-03,1113577.0799999998,2788381.09534092,3698379.735073826,1674804.0153409203,150.39857100335797,3,2022
2022-03-04,1265611.41,2964551.0187002737,3094090.517479545,1698939.6087002738,134.238645075132,3,2022
2022-03-05,1917604.21,6349220.6137346,1064374.2936518388,4431616.4037346,231.10172477847243,3,2022
2022-03-06,2406752.080000001,5692209.606978274,1143269.9373459986,3285457.526978273,136.5100109097349,3,2022
2022-03-07,3077438.9400000004,6049580.783680996,1335158.3648227216,2972141.8436809955,96.57841801667055,3,2022
2022-03-08,3777839.97,4532724.329999999,1370140.9365710528,754884.3599999989,19.981904103788676,3,2022
2022-03-09,4138590.9100000006,5221766.089999998,1789607.475967272,1083175.1799999974,26.172559780739412,3,2022
2022-03-10,3544992.7900000014,1113577.0799999998,2340414.840831375,2431415.710000002,68.58732454572922,3,2022
2022-03-11,3499825.21,1265611.41,2102695.6396162887,2234213.8,63.83786806313106,3,2022
2022-03-12,3731020.06,1917604.21,1693821.8026634068,1813415.85,48.60375502778723,3,2022
2022-03-13,4026635.219999999,2406752.080000001,1881455.4693313271,1619883.1399999978,40.22920010121995,3,2022
2022-03-14,4709281.900000001,3077438.9400000004,2501194.116414936,1631842.960000001,34.65163043223215,3,2022
2022-03-15,4619237.889999999,3777839.97,2488518.6762494124,841397.9199999985,18.215080929724508,3,2022
2022-03-16,4519934.960000002,4138590.9100000006,2495127.2232333305,381344.0500000012,8.436936667778976,3,2022
2022-03-17,5222281.219999999,3544992.7900000014,2932006.583929278,1677288.4299999974,32.117926234543106,3,2022
2022-03-18,4405944.198,3499825.21,3211571.930108154,906118.9879999999,20.565829871638332,3,2022
2022-03-19,4133450.843999998,3731020.06,2381683.5513815484,402430.7839999981,9.735951852050096,3,2022
2022-03-20,3931072.8800000013,4026635.219999999,2233720.1395053137,95562.33999999752,2.43094806219918,3,2022
2022-03-21,3667160.936000001,4709281.900000001,2514898.865975736,1042120.9640000002,28.417650116460553,3,2022
2022-03-22,4071601.7320000003,4619237.889999999,3297610.825919309,547636.1579999984,13.450140609184672,3,2022
2022-03-23,4665621.356,4519934.960000002,3254675.592863727,145686.39599999785,3.1225507790649325,3,2022
2022-03-24,4445790.703200002,5222281.219999999,3671835.5768945743,776490.5167999966,17.46574610993478,3,2022
2022-03-25,3627790.5136000006,4405944.198,3320854.970442961,778153.6843999992,21.44979654924469,3,2022
2022-03-26,3806006.512000001,4133450.843999998,2788381.09534092,327444.33199999714,8.603357113751493,3,2022
2022-03-27,4548869.696799999,3931072.8800000013,2964551.0187002737,617796.8167999978,13.581325867272048,3,2022
2022-03-28,4272627.0488,3667160.936000001,6349220.6137346,605466.1127999988,14.170815891128354,3,2022
2022-03-29,4319483.9512,4071601.7320000003,5692209.606978274,247882.2191999997,5.738699853975271,3,2022
2022-03-30,10246023.682399996,4665621.356,6049580.783680996,5580402.326399996,54.464077962123746,3,2022
2022-03-31,8125164.080000006,4445790.703200002,4532724.329999999,3679373.3768000035,45.28368092721644,3,2022
2022-04-01,7303173.451200006,3634566.364391185,5231519.108472168,3668607.0868088207,50.23305431977685,4,2022
2022-04-02,7294721.473600004,3813115.22793575,1115656.9774224877,3481606.245664254,47.72774749885074,4,2022
2022-04-03,5762209.305599991,4557365.90467598,1267975.271430706,1204843.4009240111,20.909400145411006,4,2022
2022-04-04,1737592.164,4280607.301039074,1921185.8390810608,2543015.1370390737,146.35282028349857,4,2022
2022-04-05,2655472.424000001,4327551.721000523,2411247.321090774,1672079.2970005223,62.96730035259901,4,2022
2022-04-06,2581924.0480000004,10265160.820394766,3083186.8648038856,7683236.772394765,297.57795463992534,4,2022
2022-04-07,1714147.2304000007,8140339.956130002,3784896.077527083,6426192.725730001,374.89152692154875,4,2022
2022-04-08,2214400.584,7303173.451200006,4146320.8145760186,5088772.867200006,229.80362740005518,4,2022
2022-04-09,3100469.891200001,7294721.473600004,3551613.9943145323,4194251.582400003,135.27793300958862,4,2022
2022-04-10,3297968.018399999,5762209.305599991,3506362.052005977,2464241.287199992,74.71998738167002,4,2022
2022-04-11,3684809.392000001,1737592.164,3737988.719058648,1947217.2280000008,52.8444492197495,4,2022
2022-04-12,3784017.908,2655472.424000001,4034156.0179454605,1128545.4839999988,29.823999553862546,4,2022
2022-04-13,4301992.032800002,2581924.0480000004,4718077.719760927,1720067.9848000016,39.983058352631936,4,2022
2022-04-14,4114578.916000001,1714147.2304000007,4627865.528942845,2400431.6856000004,58.3396681557292,4,2022
2022-04-15,4566688.8724,2214400.584,4528377.124661936,2352288.2884,51.50971205016135,4,2022
2022-04-16,4885251.505200003,3100469.891200001,5232035.200612625,1784781.6140000024,36.53407838061621,4,2022
2022-04-17,4319930.0604,3297968.018399999,4414173.455000373,1021962.0420000008,23.65691174882987,4,2022
2022-04-18,3680888.01,3684809.392000001,4141171.148153902,3921.3820000011474,0.10653358617126599,4,2022
2022-04-19,4426735.649999996,3784017.908,3938415.1901979838,642717.7419999959,14.518999841338989,4,2022
2022-04-20,4874458.71,4301992.032800002,3674010.3213866283,572466.6771999979,11.744210203803284,4,2022
2022-04-21,2926459.0000000005,4114578.916000001,4079206.5167067614,1188119.9160000007,40.599233271335784,4,2022
2022-04-22,4609506.189999999,4566688.8724,4674335.628237579,42817.31759999879,0.9288916390412483,4,2022
2022-04-23,4709847.040000004,4885251.505200003,4454094.384005381,175404.4651999995,3.724207255783818,4,2022
2022-04-24,5020542.990000002,4319930.0604,3634566.364391185,700612.9296000022,13.954923421540148,4,2022
2022-04-25,4873788.420000001,3680888.01,3813115.22793575,1192900.410000001,24.47583496043517,4,2022
2022-04-26,5688161.600000005,4426735.649999996,4557365.90467598,1261425.9500000095,22.17633813357216,4,2022
2022-04-27,5361513.759999998,4874458.71,4280607.301039074,487055.04999999795,9.084282383712434,4,2022
2022-04-28,5590934.299999999,2926459.0000000005,4327551.721000523,2664475.2999999984,47.65706690561538,4,2022
2022-04-29,7579535.069999999,4609506.189999999,10265160.820394766,2970028.880000001,39.18484250776085,4,2022
2022-04-30,6592777.229999999,4709847.040000004,8140339.956130002,1882930.1899999948,28.56050074666326,4,2022
2022-05-01,5680859.440000001,5039262.389664431,7330403.77726712,641597.0503355702,11.2940138215349,5,2022
2022-05-02,4291036.440000002,4891960.636331097,7321920.2859549625,600924.196331095,14.004173694015392,5,2022
2022-05-03,5504853.649999999,5709370.256226702,5783694.053197307,204516.60622670222,3.7152051485819655,5,2022
2022-05-04,1792730.6200000006,5381504.489903055,1744070.8819865773,3588773.8699030546,200.18478124187186,5,2022
2022-05-05,3556300.98,5611780.4383296035,2665373.514320657,2055479.4583296035,57.798242327892154,5,2022
2022-05-06,2532060.939999999,7607795.827158837,2591550.908730798,5075734.887158837,200.45863853335374,5,2022
2022-05-07,3620303.229999999,6617358.8005816545,1720538.5325267718,2997055.5705816555,82.78465587485213,5,2022
2022-05-08,2468343.7100000004,5680859.440000001,2222657.111158836,3212515.730000001,130.14863841632493,5,2022
2022-05-09,2985986.669999999,4291036.440000002,3112030.181622074,1305049.7700000033,43.70581366326072,5,2022
2022-05-10,3668495.189999999,5504853.649999999,3310264.692592393,1836358.4600000004,50.05754035076166,5,2022
2022-05-11,4347378.730000001,1792730.6200000006,3698548.427764356,2554648.110000001,58.76295277361307,5,2022
2022-05-12,4753134.019999999,3556300.98,3798126.848745712,1196833.0399999986,25.17987153242523,5,2022
2022-05-13,3479131.3800000013,2532060.939999999,4318032.271550189,947070.4400000023,27.221462386970906,5,2022
2022-05-14,4406804.979999997,3620303.229999999,4129920.3735540654,786501.7499999977,17.8474371697746,5,2022
2022-05-15,4455089.700000002,2468343.7100000004,4583716.049403729,1986745.9900000016,44.594971679245894,5,2022
2022-05-16,4323621.349999999,2985986.669999999,4903466.462340943,1337634.6799999997,30.93783131587136,5,2022
2022-05-17,4158982.96,3668495.189999999,4336037.182176286,490487.77000000095,11.793454667099693,5,2022
2022-05-18,6094171.87,4347378.730000001,3694612.4246532437,1746793.1399999987,28.663338961590508,5,2022
2022-05-19,5824908.179999997,4753134.019999999,4443241.002908273,1071774.1599999983,18.399846433287447,5,2022
2022-05-20,2226534.2,3479131.3800000013,4892633.425548098,1252597.180000001,56.25771119976514,5,2022
2022-05-21,4033154.2799999993,4406804.979999997,2937370.4802386286,373650.6999999974,9.264478223729082,5,2022
2022-05-22,5000275.739999998,4455089.700000002,4626693.013974644,545186.0399999963,10.90311951476493,5,2022
2022-05-23,3647180.26,4323621.349999999,4727407.990932144,676441.0899999989,18.546960714247753,5,2022
2022-05-24,4442598.359999999,4158982.96,5039262.389664431,283615.39999999944,6.383998214954535,5,2022
2022-05-25,6573956.430000001,6094171.87,4891960.636331097,479784.5600000005,7.298261938739385,5,2022
2022-05-26,6284218.490000004,5824908.179999997,5709370.256226702,459310.31000000704,7.308948769539151,5,2022
2022-05-27,3652675.9000000004,2226534.2,5381504.489903055,1426141.7000000002,39.04375145903309,5,2022
2022-05-28,3223975.8399999985,4033154.2799999993,5611780.4383296035,809178.4400000009,25.09877493374768,5,2022
2022-05-29,5327455.249999998,5000275.739999998,7607795.827158837,327179.5099999998,6.141384481831168,5,2022
2022-05-30,8158502.000000001,3647180.26,6617358.8005816545,4511321.740000001,55.295956782262245,5,2022
2022-05-31,8513166.369999994,4442598.359999999,5680859.440000001,4070568.009999994,47.81497075335551,5,2022
2022-06-01,8373363.400000002,6619134.065198738,4320525.360557209,1754229.334801264,20.95011587340475,6,2022
2022-06-02,8325437.519999999,6327404.984080614,5542684.18214153,1998032.535919385,23.99912954868209,6,2022
2022-06-03,6585522.439999999,3677777.870338039,1805050.6484063899,2907744.5696619595,44.15358988074392,6,2022
2022-06-04,2998952.4199999995,3246131.6917979186,3580740.641266716,247179.27179791918,8.242187176744846,6,2022
2022-06-05,2945501.7899999996,5364066.66237927,2549461.804557949,2418564.872379271,82.11045332208985,6,2022
2022-06-06,3100859.0000000005,8214568.971396733,3645182.7284231046,5113709.971396733,164.91268939983186,6,2022
2022-06-07,3673238.8000000007,8571670.670833945,2485306.6961199855,4898431.8708339445,133.3545717428974,6,2022
2022-06-08,3686799.900000001,8373363.400000002,3006507.0092997765,4686563.500000002,127.11738166207505,6,2022
2022-06-09,2619038.14,8325437.519999999,3693705.873883729,5706399.379999999,217.88149217254235,6,2022
2022-06-10,3369544.0100000007,6585522.439999999,4377254.846829496,3215978.429999998,95.44254120010729,6,2022
2022-06-11,4463584.559999999,2998952.4199999995,4785798.574000742,1464632.1399999992,32.81291348494134,6,2022
2022-06-12,4561669.8100000005,2945501.7899999996,3503040.7152637457,1616168.020000001,35.42930740969174,6,2022
2022-06-13,4221162.050000001,3100859.0000000005,4437089.4867347665,1120303.0500000003,26.540157348377562,6,2022
2022-06-14,4843640.760000001,3673238.8000000007,4485706.029661964,1170401.96,24.16368219677794,6,2022
2022-06-15,4969823.529999998,3686799.900000001,4353334.201030831,1283023.6299999976,25.816281448528578,6,2022
2022-06-16,4143877.35,2619038.14,4187564.3807875193,1524839.21,36.79740207561886,6,2022
2022-06-17,4914374.699999999,3369544.0100000007,6136052.323044206,1544830.6899999985,31.4349390167583,6,2022
2022-06-18,4817780.870000002,4463584.559999999,5864938.195352895,354196.3100000033,7.351855959360044,6,2022
2022-06-19,3795086.21,4561669.8100000005,2241835.419427935,766583.6000000006,20.1993724933063,6,2022
2022-06-20,3323030.569999999,4221162.050000001,4060870.979175334,898131.4800000018,27.027481724310533,6,2022
2022-06-21,4271838.090000002,4843640.760000001,5034638.704780831,571802.669999999,13.38540127114225,6,2022
2022-06-22,5182306.11,4969823.529999998,3672244.4631240712,212482.58000000194,4.100154940480772,6,2022
2022-06-23,3261015.6104000006,4143877.35,4473128.846500742,882861.7395999995,27.073214147898746,6,2022
2022-06-24,4136897.9677999984,4914374.699999999,6619134.065198738,777476.7322000009,18.793713024869767,6,2022
2022-06-25,3273232.6624000003,4817780.870000002,6327404.984080614,1544548.2076000017,47.18724169358337,6,2022
2022-06-26,2818012.6008000006,3795086.21,3677777.870338039,977073.6091999994,34.67243577699474,6,2022
2022-06-27,2854801.037599999,3323030.569999999,3246131.6917979186,468229.5323999999,16.40147688868838,6,2022
2022-06-28,4755468.927000002,4271838.090000002,5364066.66237927,483630.8370000003,10.169992579577212,6,2022
2022-06-29,5957697.281800005,5182306.11,8214568.971396733,775391.1718000043,13.014947472553265,6,2022
2022-06-30,4513115.926200002,3261015.6104000006,8571670.670833945,1252100.3158000018,27.74358860429844,6,2022
2022-07-01,4223067.420400001,4153305.144761389,8406572.64425383,69762.27563861199,1.651933741375226,7,2022
2022-07-02,3765296.2867999994,3286214.492734182,8358456.68743774,479081.79406581726,12.723614758958929,7,2022
2022-07-03,2859530.24,2829189.002002214,6611641.003449546,30341.237997786142,1.0610567278975913,7,2022
2022-07-04,991007.4248,2866123.3438734543,3010846.439005718,1875115.919073454,189.21310498272808,7,2022
2022-07-05,884980.9738000002,4774329.3922149995,2957183.8207111233,3889348.4184149993,439.4838458181324,7,2022
2022-07-06,1642554.5131999995,5981325.854306683,3113157.1864047227,4338771.341106683,264.14778360408604,7,2022
2022-07-07,1786100.5479999995,4531015.20537604,3687807.0778454165,2744914.6573760407,153.68197834381056,7,2022
2022-07-08,1542484.0419999997,4223067.420400001,3701421.9619535147,2680583.3784000017,173.78354040696144,7,2022
2022-07-09,1630772.7860000003,3765296.2867999994,2629425.3969655046,2134523.500799999,130.8903066769719,7,2022
2022-07-10,1845017.1134,2859530.24,3382907.816717396,1014513.1266000003,54.98665130159439,7,2022
2022-07-11,2529870.6092000008,991007.4248,4481287.394908687,1538863.1844000006,60.82774268390834,7,2022
2022-07-12,2685501.5169999995,884980.9738000002,4579761.65669157,1800520.5431999993,67.04597006563522,7,2022
2022-07-13,2732238.0975999995,1642554.5131999995,4237903.423192216,1089683.5844,39.882453339523344,7,2022
2022-07-14,2811457.4447999992,1786100.5479999995,4862850.919811844,1025356.8967999998,36.470653279724154,7,2022
2022-07-15,2683125.526,1542484.0419999997,4989534.137986532,1140641.4840000004,42.511670547910114,7,2022
2022-07-16,2509692.1394000007,1630772.7860000003,4160312.2075954624,878919.3534000004,35.02100275972997,7,2022
2022-07-17,2655873.4082000004,1845017.1134,4933865.394714996,810856.2948000005,30.53068313785154,7,2022
2022-07-18,2710373.142,2529870.6092000008,4836888.467990225,180502.53279999923,6.659693088118685,7,2022
2022-07-19,2706697.3000000003,2685501.5169999995,3810137.74173123,21195.783000000753,0.7830865682690394,7,2022
2022-07-20,3144118.2638000003,2732238.0975999995,3336209.901720161,411880.1662000008,13.100021425472717,7,2022
2022-07-21,3389426.608200001,2811457.4447999992,4288780.44730216,577969.1634000018,17.05212209055442,7,2022
2022-07-22,2693215.2066000006,2683125.526,5202859.43620642,10089.680600000545,0.374633284977552,7,2022
2022-07-23,4190232.530000001,2509692.1394000007,3273948.987198303,1680540.3906000005,40.10613679713856,7,2022
2022-07-24,3833852.9,2655873.4082000004,4153305.144761389,1177979.4917999995,30.725735246649645,7,2022
2022-07-25,2614143.209999999,2710373.142,3286214.492734182,96229.93200000096,3.681127018286079,7,2022
2022-07-26,3176075.3700000006,2706697.3000000003,2829189.002002214,469378.0700000003,14.778555774638313,7,2022
2022-07-27,4214912.76,3144118.2638000003,2866123.3438734543,1070794.4961999995,25.40490295224994,7,2022
2022-07-28,4859620.980000002,3389426.608200001,4774329.3922149995,1470194.3718000012,30.253272381748598,7,2022
2022-07-29,3226100.81,2693215.2066000006,5981325.854306683,532885.6033999994,16.517946424618994,7,2022
2022-07-30,2682461.4699999997,4190232.530000001,4531015.20537604,1507771.0600000015,56.20848898903296,7,2022
2022-07-31,4622917.860000001,3833852.9,4223067.420400001,789064.9600000014,17.0685481312013,7,2022
2022-08-01,4081818.170000002,2614143.209999999,3765296.2867999994,1467674.9600000028,35.95640224219008,8,2022
2022-08-02,4490226.959999999,3176075.3700000006,2859530.24,1314151.5899999985,29.266930195439357,8,2022
2022-08-03,5085558.260000001,4214912.76,991007.4248,870645.5000000009,17.119959215647658,8,2022
2022-08-04,4345026.44,4859620.980000002,884980.9738000002,514594.5400000019,11.843300543874294,8,2022
2022-08-05,2114789.45,3226100.81,1642554.5131999995,1111311.3599999999,52.549503686998236,8,2022
2022-08-06,2325289.5200000005,2682461.4699999997,1786100.5479999995,357171.94999999925,15.360321668675441,8,2022
2022-08-07,2331541.43,4622917.860000001,1542484.0419999997,2291376.430000001,98.27731991020211,8,2022
2022-08-08,3054473.910000001,4081818.170000002,1630772.7860000003,1027344.2600000007,33.63408201447039,8,2022
2022-08-09,2488386.7099999995,4490226.959999999,1845017.1134,2001840.2499999995,80.44731319112374,8,2022
2022-08-10,2963483.62,5085558.260000001,2529870.6092000008,2122074.6400000006,71.6074361160127,8,2022
2022-08-11,3674343.100000001,4345026.44,2685501.5169999995,670683.3399999994,18.253149522155383,8,2022
2022-08-12,2787707.2500000005,2114789.45,2732238.0975999995,672917.8000000003,24.13875416796366,8,2022
2022-08-13,1789226.45,2325289.5200000005,2811457.4447999992,536063.0700000005,29.96060504247523,8,2022
2022-08-14,2557373.2399999998,2331541.43,2683125.526,225831.8099999996,8.83061598001235,8,2022
2022-08-15,3869248.63,3054473.910000001,2509692.1394000007,814774.7199999988,21.057698739819646,8,2022
2022-08-16,3139997.279999998,2488386.7099999995,2655873.4082000004,651610.5699999984,20.75194695710051,8,2022
2022-08-17,3480892.060000001,2963483.62,2710373.142,517408.4400000009,14.864248332940285,8,2022
2022-08-18,4171974.7700000014,3674343.100000001,2706697.3000000003,497631.6700000004,11.927964511635821,8,2022
2022-08-19,2011108.63,2787707.2500000005,3144118.2638000003,776598.6200000006,38.61544863441815,8,2022
2022-08-20,2479005.3700000006,1789226.45,3389426.608200001,689778.9200000006,27.82482556703782,8,2022
2022-08-21,2235990.0199999996,2557373.2399999998,2693215.2066000006,321383.2200000002,14.373195637071772,8,2022
2022-08-22,3743695.2199999983,3869248.63,4190232.530000001,125553.41000000155,3.353729473736423,8,2022
2022-08-23,2422220.100000001,3139997.279999998,3833852.9,717777.1799999969,29.633028806919594,8,2022
2022-08-24,3292983.26,3480892.060000001,2614143.209999999,187908.8000000012,5.706339363535095,8,2022
2022-08-25,3512475.1600000006,4171974.7700000014,3176075.3700000006,659499.6100000008,18.775922389725903,8,2022
2022-08-26,3544046.6999999997,2011108.63,4214912.76,1532938.0699999998,43.2538902492453,8,2022
2022-08-27,2367664.33,2479005.3700000006,4859620.980000002,111341.0400000005,4.702568628045365,8,2022
2022-08-28,7051722.269999999,2235990.0199999996,3226100.81,4815732.249999999,68.29157566921592,8,2022
2022-08-29,7928796.829999999,3743695.2199999983,2682461.4699999997,4185101.610000001,52.78356476691308,8,2022
2022-08-30,6574345.889999999,2422220.100000001,4622917.860000001,4152125.7899999977,63.156485214987654,8,2022
2022-08-31,7620595.877000006,3292983.26,4081818.170000002,4327612.617000006,56.788375697251304,8,2022
2022-09-01,6193090.496999997,3526673.4978079936,4508377.624790077,2666416.999192003,43.05470750804701,9,2022
2022-09-02,1743934.3409999998,3558372.658180983,5106115.408685347,1814438.317180983,104.04281139051112,9,2022
2022-09-03,1298775.0240000002,2377235.044792834,4362590.166537437,1078460.020792834,83.03670773336597,9,2022
2022-09-04,1633330.215,7080227.1647983445,2123337.978782729,5446896.949798345,333.4841234047914,9,2022
2022-09-05,1993159.323,7960847.088201193,2334688.9447937533,5967687.765201193,299.4084665654795,9,2022
2022-09-06,1296364.8960000002,6600921.105356912,2340966.1266394123,5304556.2093569115,409.18696778386925,9,2022
2022-09-07,1701791.5950000004,7651400.306819757,3066820.8876793766,5949608.711819757,349.60853780804786,9,2022
2022-09-08,2823534.891,6193090.496999997,2498445.416039503,3369555.605999997,119.33819612927168,9,2022
2022-09-09,1715259.087,1743934.3409999998,2975462.791270556,28675.253999999724,1.6717739155169231,9,2022
2022-09-10,2702835.7560000005,1298775.0240000002,3689195.750105651,1404060.7320000003,51.94768971378074,9,2022
2022-09-11,3216775.293000001,1633330.215,2798975.8874827744,1583445.078000001,49.22460954750937,9,2022
2022-09-12,3074264.559,1993159.323,1796458.9684933394,1081105.2359999998,35.16630450151183,9,2022
2022-09-13,2269088.0190000003,1296364.8960000002,2567710.8075296273,972723.1230000001,42.868461463592084,9,2022
2022-09-14,1912670.136,1701791.5950000004,3884889.138931557,210878.5409999995,11.025348126207138,9,2022
2022-09-15,2838605.9850000017,2823534.891,3152689.965376204,15071.094000001904,0.5309329325606243,9,2022
2022-09-16,2302105.284000001,1715259.087,3494962.7307064775,586846.1970000009,25.491718431762244,9,2022
2022-09-17,1629458.9999999998,2702835.7560000005,4188838.9766954537,1073376.7560000008,65.87319815963464,9,2022
2022-09-18,2120020.8389999988,3216775.293000001,2019238.0539522276,1096754.4540000022,51.73319213774025,9,2022
2022-09-19,2549263.8959999997,3074264.559,2489026.154224162,525000.6630000002,20.59420618727502,9,2022
2022-09-20,1631702.4930000002,2269088.0190000003,2245028.4729977027,637385.5260000001,39.062606616977206,9,2022
2022-09-21,2035876.518000001,1912670.136,3758828.2094056024,123206.38200000115,6.051761043004529,9,2022
2022-09-22,2795534.9550000005,2838605.9850000017,2432011.343399174,43071.03000000119,1.54070797515752,9,2022
2022-09-23,2370707.316000001,2302105.284000001,3306294.3544823145,68602.03200000012,2.8937368833766275,9,2022
2022-09-24,2606770.026,1629458.9999999998,3526673.4978079936,977311.0260000003,37.4912637575341,9,2022
2022-09-25,2737232.522999999,2120020.8389999988,3558372.658180983,617211.6840000004,22.548748738508266,9,2022
2022-09-26,4684850.613000001,2549263.8959999997,2377235.044792834,2135586.717000001,45.584948025321395,9,2022
2022-09-27,3833851.4550000024,1631702.4930000002,7080227.1647983445,2202148.962000002,57.439600564805936,9,2022
2022-09-28,3831571.584,2035876.518000001,7960847.088201193,1795695.0659999987,46.865757995975336,9,2022
2022-09-29,3948472.7799999984,2795534.9550000005,6600921.105356912,1152937.8249999979,29.199589037055446,9,2022
2022-09-30,2325958.068,2370707.316000001,7651400.306819757,44749.24800000107,1.9239060503992316,9,2022
2022-10-01,1412338.6849999998,2610347.805338457,6201590.483957175,1198009.1203384574,84.82449238713995,10,2022
2022-10-02,1289798.8200000003,2740989.361488882,1746327.882505627,1451190.5414888817,112.512937598197,10,2022
2022-10-03,2179072.880000001,4691280.547961571,1300557.5864814715,2512207.6679615704,115.28791400320533,10,2022
2022-10-04,2751920.12,3839113.397705191,1635571.952874005,1087193.2777051907,39.5067164124368,10,2022
2022-10-05,1527341.8400000003,3836830.3975931923,1995894.924596212,2309488.557593192,151.20967010195906,10,2022
2022-10-06,2026518.43,3953892.039923139,1298144.150592369,1927373.609923139,95.10762800825547,10,2022
2022-10-07,1406363.2999999998,2329150.434275048,1704127.2957891852,922787.134275048,65.61513189906535,10,2022
2022-10-08,2137543.6299999994,1412338.6849999998,2827410.179074389,725204.9449999996,33.92702421704486,10,2022
2022-10-09,1805775.7900000005,1289798.8200000003,1717613.2718572607,515976.9700000002,28.573700725049594,10,2022
2022-10-10,2356440.12,2179072.880000001,2706545.3850914086,177367.2399999993,7.526914793828891,10,2022
2022-10-11,2270162.600000001,2751920.12,3221190.3016371136,481757.5199999991,21.221278158665765,10,2022
2022-10-12,1976207.1400000001,1527341.8400000003,3078483.972339281,448865.2999999998,22.713474256549837,10,2022
2022-10-13,2430819.329999999,2026518.43,2272202.3314059842,404300.8999999992,16.6322891631769,10,2022
2022-10-14,1927818.6699999997,1406363.2999999998,1915295.2665737031,521455.3699999999,27.048984332120817,10,2022
2022-10-15,1986495.1900000004,2137543.6299999994,2842501.9580785087,151048.439999999,7.603765705569063,10,2022
2022-10-16,1897952.1100000003,1805775.7900000005,2305264.9124435917,92176.31999999983,4.856619907021775,10,2022
2022-10-17,2507328.8000000003,2356440.12,1631695.4246500134,150888.68000000017,6.017905589406549,10,2022
2022-10-18,3170696.65,2270162.600000001,2122930.557417512,900534.0499999989,28.40177252529027,10,2022
2022-10-19,2324314.45,1976207.1400000001,2552762.748451276,348107.31000000006,14.976773474002195,10,2022
2022-10-20,2591151.0599999996,2430819.329999999,1633941.9968333794,160331.73000000045,6.187664334784112,10,2022
2022-10-21,2662328.559999999,1927818.6699999997,2038670.7487411487,734509.8899999994,27.589002388195077,10,2022
2022-10-22,2407124.4700000007,1986495.1900000004,2799371.8132967344,420629.28000000026,17.474346891583888,10,2022
2022-10-23,1971627.46,1897952.1100000003,2373961.1004029657,73675.34999999963,3.7367784479933968,10,2022
2022-10-24,2678456.17,2507328.8000000003,2610347.805338457,171127.36999999965,6.389030065778513,10,2022
2022-10-25,3003375.87,3170696.65,2740989.361488882,167320.7799999998,5.571090241195812,10,2022
2022-10-26,2345490.5499999984,2324314.45,4691280.547961571,21176.09999999823,0.9028431174023808,10,2022
2022-10-27,2493935.72,2591151.0599999996,3839113.397705191,97215.33999999939,3.8980691932187965,10,2022
2022-10-28,4210212.53,2662328.559999999,3836830.3975931923,1547883.9700000011,36.764984165775616,10,2022
2022-10-29,3626939.2600000002,2407124.4700000007,3953892.039923139,1219814.7899999996,33.63207108133373,10,2022
2022-10-30,3130677.400000002,1971627.46,2329150.434275048,1159049.9400000018,37.02233708270297,10,2022
2022-10-31,4630791.460000001,2678456.17,1412338.6849999998,1952335.290000001,42.15986202064907,10,2022
2022-11-01,3025164.2799999993,3015176.4148108554,1294866.5602467107,9987.865189143922,0.3301594315117301,11,2022
2022-11-02,1338326.5600000005,2354706.2018320523,2187634.661235381,1016379.6418320518,75.9440686757387,11,2022
2022-11-03,1253721.23,2503734.626794591,2762732.671641082,1250013.396794591,99.70425377534615,11,2022
2022-11-04,1065066.0000000002,4226754.848968385,1533342.9089985383,3161688.848968385,296.8537958181356,11,2022
2022-11-05,1826120.0699999996,3641189.8437152775,2034480.8105272294,1815069.773715278,99.39487570032995,11,2022
2022-11-06,2207719.98,3142978.124433481,1411889.0329952482,935258.1444334812,42.36307832995565,11,2022
2022-11-07,1655852.99,4648986.27293677,2145942.2389263515,2993133.2829367695,180.76081035048705,11,2022
2022-11-08,1781413.119999999,3025164.2799999993,1812870.852040388,1243751.1600000004,69.81823284202606,11,2022
2022-11-09,845358.4699999999,1338326.5600000005,2365698.7937171054,492968.09000000067,58.31468039824582,11,2022
2022-11-10,2079598.8700000003,1253721.23,2279082.281268276,825877.6400000004,39.71331452012187,11,2022
2022-11-11,1581745.1499999994,1065066.0000000002,1983971.8427613305,516679.1499999992,32.66513255943914,11,2022
2022-11-12,1354235.95,1826120.0699999996,2440370.2465926525,471884.11999999965,34.845044543382535,11,2022
2022-11-13,2903552.410000001,2207719.98,1935393.249935124,695832.4300000011,23.96486550762832,11,2022
2022-11-14,1656739.7,1655852.99,1994300.3154724054,886.7099999999627,0.053521382990940745,11,2022
2022-11-15,1547150.3699999994,1781413.119999999,1905409.3414263525,234262.74999999953,15.141563130673564,11,2022
2022-11-16,1436853.5800000003,845358.4699999999,2517180.3294590646,591495.1100000005,41.165997582022264,11,2022
2022-11-17,1542318.9100000004,2079598.8700000003,3183154.6138112205,537279.96,34.835853759972366,11,2022
2022-11-18,2003573.624,1581745.1499999994,2333446.8989537647,421828.4740000006,21.053804509456878,11,2022
2022-11-19,1449156.232,1354235.95,2601331.9349616226,94920.28200000012,6.550037870588968,11,2022
2022-11-20,1830766.6000000008,2903552.410000001,2672789.098019005,1072785.8100000003,58.5976284470123,11,2022
2022-11-21,1257242.566,1656739.7,2416582.287270651,399497.13399999985,31.77566086320369,11,2022
2022-11-22,794532.2420000001,1547150.3699999994,1979374.1687701023,752618.1279999993,94.72468053725619,11,2022
2022-11-23,929898.1860000002,1436853.5800000003,2688980.074907712,506955.3940000001,54.51730110160683,11,2022
2022-11-24,1565573.6240000008,1542318.9100000004,3015176.4148108554,23254.714000000386,1.4853797766843557,11,2022
2022-11-25,1436595.126,2003573.624,2354706.2018320523,566978.4980000001,39.46682595107177,11,2022
2022-11-26,1918992.272000001,1449156.232,2503734.626794591,469836.04000000097,24.483477440496994,11,2022
2022-11-27,2865272.718000001,1830766.6000000008,4226754.848968385,1034506.118,36.104979170084,11,2022
2022-11-28,1949030.5559999992,1257242.566,3641189.8437152775,691787.9899999991,35.49395302553683,11,2022
2022-11-29,2339827.919999999,794532.2420000001,3142978.124433481,1545295.677999999,66.04313354804312,11,2022
2022-11-30,1235066.8860000002,929898.1860000002,4648986.27293677,305168.69999999995,24.708678004342506,11,2022
2022-12-01,1502934.6619999998,1566713.570208429,3027367.0026940918,63778.908208429115,4.243624810912048,12,2022
2022-12-02,662847.2119999999,1437641.1586757074,1339301.0400655323,774793.9466757075,116.88876903290159,12,2022
2022-12-03,681190.8140000001,1920389.554076637,1254634.1061117682,1239198.740076637,181.91653713002606,12,2022
2022-12-04,617865.954,2867359.018331665,1065841.509966324,2249493.064331665,364.0746103210058,12,2022
2022-12-05,1395628.0859999994,1950449.7099499397,1827449.7287385087,554821.6239499403,39.754260430521356,12,2022
2022-12-06,1335641.114,2341531.6265040487,2209327.4943205607,1005890.5125040486,75.31143672955612,12,2022
2022-12-07,703992.652,1235966.1792636754,1657058.6716164558,531973.5272636754,75.56521019819897,12,2022
2022-12-08,754325.1660000001,1502934.6619999998,1782710.226121779,748609.4959999997,99.2422803510177,12,2022
2022-12-09,1230192.7600000007,662847.2119999999,845974.0036088102,567345.5480000008,46.118426839058976,12,2022
2022-12-10,1443783.538,681190.8140000001,2081113.0950805498,762592.7239999998,52.81904828035239,12,2022
2022-12-11,1335245.4219999998,617865.954,1582896.8712341853,717379.4679999998,53.72641285116496,12,2022
2022-12-12,1826012.528,1395628.0859999994,1355222.0142213525,430384.4420000005,23.569632486114056,12,2022
2022-12-13,1533520.0680000002,1335641.114,2905666.5830481485,197878.95400000014,12.90357773133492,12,2022
2022-12-14,1509514.9080000003,703992.652,1657946.0272594884,805522.2560000003,53.3629877870673,12,2022
2022-12-15,1357430.8040000005,754325.1660000001,1548276.9016246465,603105.6380000004,44.42993603967162,12,2022
2022-12-16,1352053.1299999994,1230192.7600000007,1437899.8008646583,121860.36999999871,9.012986789949503,12,2022
2022-12-17,1227348.7,1443783.538,1543441.9236779832,216434.838,17.63433961351,12,2022
2022-12-18,2025034.3180000002,1335245.4219999998,2005032.4925712205,689788.8960000004,34.06307191283858,12,2022
2022-12-19,2092670.2919999994,1826012.528,1450211.4108346228,266657.7639999995,12.742464258196657,12,2022
2022-12-20,1858047.806,1533520.0680000002,1832099.6420314924,324527.7379999999,17.46605964346215,12,2022
2022-12-21,1626622.4900000002,1509514.9080000003,1258158.0061135888,117107.58199999994,7.199432119003833,12,2022
2022-12-22,1631901.8819999993,1357430.8040000005,795110.7673423137,274471.0779999988,16.819091945872206,12,2022
2022-12-23,1369529.106,1352053.1299999994,930575.2757868391,17475.97600000049,1.2760572903078184,12,2022
2022-12-24,1303802.7000000002,1227348.7,1566713.570208429,76454.00000000023,5.863924043108687,12,2022
2022-12-25,1095444.734,2025034.3180000002,1437641.1586757074,929589.5840000003,84.85956024505388,12,2022
2022-12-26,1952395.1560000004,2092670.2919999994,1920389.554076637,140275.135999999,7.184771769634475,12,2022
2022-12-27,1971085.654000001,1858047.806,2867359.018331665,113037.84800000093,5.734801416194614,12,2022
2022-12-28,3170737.3559999987,1626622.4900000002,1950449.7099499397,1544114.8659999985,48.698920554806094,12,2022
2022-12-29,2847690.960000001,1631901.8819999993,2341531.6265040487,1215789.0780000016,42.69385600746512,12,2022
2022-12-30,2626047.912,1369529.106,1235966.1792636754,1256518.806,47.848281832871606,12,2022
2022-12-31,2199974.6140000005,1303802.7000000002,1502934.6619999998,896171.9140000003,40.73555705129605,12,2022
